City,Address,Postcode
Aberdeen,"Migvie House, 23 North Silver Street",AB10 1RJ
Huntly,Market Muir Car Park,AB54 8ET
Dundee,"Unit 2, 14-22 Exchange Street",DD1 3DE
Elgin,"2 Southfield Drive,",IV30 6GR
Berwick,"Unit 3, Border Court, Woolmarket Berwick upon Tweed",TD15 1DP
Edinburgh,"2nd Floor, Cairncross House, 25 Union Street",EH1 3LR
Wick,Wick Harbour,KW1 5HB
Galashiels,45 High Street,TD1 1RY
Pitlochry,2 Burnside Road,PH16 5BP
Helmsdale,"Car Park, Couper Park",KW8 6HH
Bolton,"34 Queensbrook, Bolton Technology Exchange",BL1 4AY
Preston,"Norwest Court, Guildhall Street",PR1 3NU
Wigan,38-40 Market Street,WN1 1HX
Salford,"Unit 1A, Sovereign Point, 31 The Quays, Salford Quays",M50 3AH
Manchester,"5th Floor, 111 Piccadilly",M1 2HY
Oldham,"5A-6A Whitney Court, Southlink Business Park",OL4 1DE
St Helens,"2nd Floor, Century House, Hardshaw Street",WA10 1QU
Stockport,"Kingsgate, Wellington Road North",SK4 1LW
Southport,"Suite 6, Gordon House, 3-5 Leicester Street",PR9 0ER
Blackpool,"Unit 9A, Darwin Court, Blackpool Technology Park",FY2 0JN
Lerwick,"Unit 6V, Toll Clock Shopping Centre, 26 North Road",ZE1 0PE
Kirkwall,7-13 Laing Street,KW15 1NW
Tongue,St Andrews Glebe Industial Estate,IV27 4XB
Inverness,"1st Floor, Ballantyne House, 84 Academy Street",IV1 1LU
York,"Stirling House, Station Business Park, Holgate Park Drive",YO26 4GB
Doncaster,"Office 6 Silver House, Silver Street",DN1 1HL
Leeds,"1st Floor, Gallery House, The Headrow",LS1 5RD
Harrogate,"1st Floor, Strayside House, 27 West Park",HG1 1BJ
Sheffield,"3rd Floor, Orchard House, Leopold Street",S1 2GY
Scunthorpe,"Unit 2, Haldenby House, Berkeley Business Park Doncaster Road",DN15 7DQ
Bradford,"1st Floor, Caspian House, 61 East Parade",BD1 5EP
Chesterfield,"1st Floor, 6-8 Corporation Street",S41 7TP
Mansfield,32-34 Rosemary Street,NG18 1QL
Huddersfield,"5th Floor, Ramsden House, New Street",HD1 2TW
Middlesbrough,"Unit 6, Cleveland Business Centre, 1 Watson Street",TS1 2RQ
Scarborough,"29-30 St Nicholas Street, Suite 2",YO11 2HF
Hull,"Unit 14-15, Kingston House South, Bond Street",HU1 3EN
Sunderland,"2nd Floor, Havelock Buildings, High Street West",SR1 1TZ
Newcastle upon Tyne,"1st Floor, Collingwood House, 3 Collingwood Street",NE1 1JW
Lincoln,"1st Floor, Queensgate House, 12 Silver Street",LN2 1EW
Grimsby,"Units 8-9, Acorn Business Park, Moss Road",DN32 0LW
Boston,3 Bridge Street,PE21 8QF
Grantham,"Unit 39, The George Shopping Centre, Guildhall Street",NG31 6NU
Wolverhampton,"2nd Floor, Derwent House, 42-46 Waterloo Road",WV1 4XB
Dudley,"Trafalgar House, 47-49 Kings Street",DY2 8PE
Birmingham,38 Dale End,B4 7NJ
Sutton Coldfield,"Four Oaks House, 160 Lichfield Road",B74 2TZ
Stoke on Trent,"Unit 8A, Whittle Court, Town Road",ST1 2QE
Redditch,"2nd Floor, Grosvenor House, Prospect Hill",B97 4DL
Worcester,"3rd Floor, Haswell House, Block B1 St Nicolas Street",WR1 1UN
Shrewsbury,"Suite 2, Canon Court West, Abbey Lawn Abbey Foregate",SY2 5DE
Stratford Upon Avon,"2nd Floor, Packwood House, Guild Street",CV37 6RP
Coventry,"1st Floor, Warwick Gate, 21-22 Warwick Row",CV1 1ET
Hereford,"Penn House, 9-10 Broad Street",HR4 9AP
Cheltenham,"The Coliseum, 18-20 Albion Street",GL52 2LP
Gloucester,"Eastgate House, 121-131 Eastgate Street",GL1 1PX
Derby,"East Wing, 100 Mansfield Road",DE1 3TT
Swindon,"South Suite, Ambrose House, 30-33 Milton Road",SN1 5JA
Bristol,"Third Floor North Building, Crescent House, Temple Back",BS1 6EZ
Liverpool,"Lower Ground Floor, 5 Covent Garden",L2 8TD
Chester,"1 Corbridge House, The Square, Seller Street",CH1 3AN
Watford,"1st Floor, Cassiobury House, 11-19 Station Road",WD17 1AP
Southgate,"2nd Floor, Crown House, 47 Chase Side, Southgate",N14 5BP
Stevenage,"Ground Floor, Suite One, Middlesex House, Meadway Corporate Centre",SG1 2EF
Luton,70-78 Collingdon Street,LU1 1RX
Uxbridge,"Wellington House, 4-10 Cowley Road",UB8 2XW
Southwark,"Ground Floor, 22 Shand Street, Southwark",SE1 2ES
Kingston upon Thames,"4th Floor, Drapers Court, Kingston Hall Road",KT1 2BQ
Staines,"11-17 Kingston Road, Staines",TW18 4QX
Slough,"Brooklands House, Petersfield Avenue",SL2 5DY
Croydon,"2nd Floor, Central House, 27 Park Street Croydon",CR0 1YD
Milton Keynes,"Tempus House, 249 Midsummer Boulevard",MK9 1YA
Guildford,"The Old Magistrates Court, 71 North Street",GU1 4AW
Ilford,"253 High Street, Ilford",IG1 1NE
Sidcup,"Planwell House, LEFA Business Park, Edgington Road",DA14 5BH
Harlow,"11th Floor, Terminus House, Terminus Street",CM20 1XA
Crawley,"1st Floor, Belgrave House, Station Road",RH10 1HU
Aldershot,"1 London House, Pickford Street",GU11 1TY
Reading,"Havell House, 62-66 Queens Road",RG1 4AZ
Morpeth,"Unit 7, Telford Court, Loansdean",NE61 2DB
Truro,"Palace Buildings Public Rooms, Quay Street",TR1 2HE
Penzance,"Knights Warehouse, Bread Street, (Corner of Bread St & Belgravia Street)",TR18 2EG
Plymouth,"1st Floor, Princess Court, Princess Street",PL1 2EX
Barnstaple,"Units 1 and 4, Riverside Court Offices, Castle Street",EX31 1DR
Haverfordwest,"1st Floor, 34 High Street",SA61 2DA
Torquay,"Rooms 36-38, Castle Circus House, 136 Union Street",TQ2 5QB
Exeter,"Suite 2, Renslade House, Bonhay Road",EX4 3AY
Isles of Scilly,"Lifelong Learning, Health & Wellbeing Centre, Carn Gwaval, St Marys",TR21 0NA
Swansea,"2nd Floor, Grove House, 3 Grove Place",SA1 5DF
Taunton,"Victoria House, Victoria Street",TA1 3FA
Aberystwyth,"33 North Parade, Ground floor unit",SY23 2JN
Yeovil,"The Coach House, St Nicholas Close Penn Hill",BA20 1SF
Cardiff,"3rd Floor, Limerick House, 23 Churchill Way",CF10 2HE
Weymouth,"Phoenix House, St Nicholas Street",DT4 8AA
Newport,"6th Floor, Clarence House, Clarence Place",NP19 7AA
Merthyr Tydfill,"1st Floor, Castle House, Glebeland Street",CF47 8AT
Chatham,14-16 High Street,ME4 4EP
Hastings,"Phillips House, Ponswood Industrial Estate, Drury Lane",TN38 9BA
Basildon,"1st Floor, Southgate House, Town Square",SS14 1BN
Eastbourne,"Senlac House, 53-58 Seaside",BN22 7NE
Southend-On-Sea,"2nd Floor, Dencora House, Tylers Avenue",SS1 2BB
Brighton,"4th Floor, Victoria House, 125 Queens Road",BN1 3WB
Canterbury,"Invicta House, Lower Bridge Street",CT1 2LG
Chelmsford,"1st Floor, Grosvenor House, 51 New London Road",CM2 0ND
Ipswich,"Crown House, Crown Street",IP1 3HS
Worthing,"1st Floor, Chatsworth House, 31 Chatsworth Road",BN11 1LY
Carlisle,10A Lowther Street,CA3 8DA
Dumfries,"Unit 3, 77-79 Whitesands",DG1 2RX
Workington,"Allerdale Council Customer Service Centre, Old Town Hall, Oxford Street",CA14 2RS
Stirling,"Suite 1A, Hillside House, Laurelhill Business Park",FK7 9JQ
Bournemouth,"3rd Floor, Roddis House, Old Christchurch Road",BH1 1LG
Salisbury,39 Brown Street,SP1 2AS
Builth Wells,"Spar Buildings, The Strand Groe Street",LD2 3BL
Rhyl,3 Bodfor Street,LL18 1AS
Bangor,"Pearson Professional Centre, 331 High Street",LL57 1YA
Bury St Edmunds,"2nd Floor, St Edmunds House, Lower Baxter Street",IP33 1ET
Southampton,"Part 4th Floor, 1-8 Ogle Road",SO14 7HX
Fareham,"189 - 199 West Street, Fareham",PO16 0EN
Oxford,"3rd Floor, 58 St Aldates",OX1 1ST
Isle of Wight,"48 Lugley Street, Newport",PO30 5HD
Portsmouth,"Ground Floor Annex, Enterprise House, Isambard Brunel Road",PO1 2RX
Cambridge,"2nd Floor, St Andrews House, 59 St Andrews Street",CB2 3BZ
Peterborough,"Zone 4, Stuart House, St John's Street",PE1 5DD
Northampton,"Suite 201, Sol House, St.Katherines Street",NN1 2QZ
Nottingham,"Archer House, Castle Gate",NG1 7AW
Leicester,"3rd Floor, Rutland Centre, 56 Halford Street",LE1 1TQ
Barrow,"111 Duke Street, Barrow in Furness",LA14 1XA
Glasgow,"Suite 325, Pentagon Centre, 36-38 Washington Street",G3 8AZ
Greenock,"Victory Court, Cartsburn Martime Arthur Street",PA15 4RT
Ayr,"1st Floor, 7A Boswell Park",KA7 1NP
Fort William,"St. Marys House, Gordon Square",PH33 6DY
Oban,"The Corran Halls, 54 The Esplanade",PA34 5AB
Isle of Mull Salen,"Mull and Iona Community Trust, An Roth Community Enterprise Centre",PA65 6AY
Kyle of Lochalsh,"Lochalsh Hotel, Ferry Road, Ross Shire",IV40 8AF
Tarbert,"The Surgery, School Street",PA29 6UL
Isle of Arran,Auchrannie Country House & Hotel,KA27 8BZ
Ullapool,"Macphail Centre, Ullapool High School, Mill Street",IV26 2UN
Gairloch,"Gairloch Community Centre, Achtercaim",IV21 2BP
Portree,"Co-op Supermarket, Dunvegan Road",IV51 9HQ
Isle of Islay,"Argyll & Bute Councils Service Point, Jamieson St",PA43 7HZ
Isle of Tiree,Tiree High School,PA77 6XA
Isle of Barra,Castlebay Community High School,HS9 5XD
Stornoway,"Unit 3, Cromwell Street Quay, Harbour View",HS1 2DF
Isle of Benbecula,"Caladh Trust Centre, Balivanich East Camp",HS7 5LA
Kings Lynn,"The Mission Hall, Ship Lane St Anns Street",PE30 1LT
Norwich,"1st Floor, 69-75 Thorpe Road",NR1 1UA
Lowestoft,"2nd Floor, Waveney Chambers, 3-7 Waveney Road",NR32 1BN
Stranraer,56 George Street,DG9 7RH
Londonderry,"City Factory, 19 Queen Street",BT48 7EF
Ballymena,"Unit 19, Tower Centre, Lower Mill Street",BT43 6AH
Belfast,"5th Floor, Chambers of Commerce House, 22 Great Victoria Street",BT2 7LX
Portadown,"Lismore House, 23 Church Street",BT62 3LN
Omagh,"2nd Floor, Anderson House, 41 Market Street",BT78 1EE
